<org.jenkinsci.plugins.workflow.multibranch.WorkflowMultiBranchProject plugin="workflow-multibranch@716.vc692a_e52371b_">
    <actions/>
    <description/>
    <displayName>{{ display_name }}</displayName>
    <properties/>
    <folderViews class="jenkins.branch.MultiBranchProjectViewHolder" plugin="branch-api@2.1046.v0ca_37783ecc5">
        <owner class="org.jenkinsci.plugins.workflow.multibranch.WorkflowMultiBranchProject" reference="../.."/>
    </folderViews>
    <healthMetrics/>
    <icon class="jenkins.branch.MetadataActionFolderIcon" plugin="branch-api@2.1046.v0ca_37783ecc5">
        <owner class="org.jenkinsci.plugins.workflow.multibranch.WorkflowMultiBranchProject" reference="../.."/>
    </icon>
    <orphanedItemStrategy class="com.cloudbees.hudson.plugins.folder.computed.DefaultOrphanedItemStrategy" plugin="cloudbees-folder@6.729.v2b_9d1a_74d673">
        <pruneDeadBranches>true</pruneDeadBranches>
        <daysToKeep>-1</daysToKeep>
        <numToKeep>-1</numToKeep>
        <abortBuilds>false</abortBuilds>
    </orphanedItemStrategy>
    <triggers/>
    <disabled>false</disabled>
    <sources class="jenkins.branch.MultiBranchProject$BranchSourceList" plugin="branch-api@2.1046.v0ca_37783ecc5">
        <data>
            <jenkins.branch.BranchSource>
                <source class="jenkins.plugins.git.GitSCMSource" plugin="git@4.11.4">
                    <id>784a9b71-fc7f-41f8-bf13-f94b5d431ec1</id>
                    <remote>{{ remote_repository_url }}</remote>
                    <credentialsId>{{ remote_repository_credential_id }}</credentialsId>
                    <traits>
                        <jenkins.plugins.git.traits.BranchDiscoveryTrait/>
                    </traits>
                </source>
                <strategy class="jenkins.branch.DefaultBranchPropertyStrategy">
                    <properties class="empty-list"/>
                </strategy>
            </jenkins.branch.BranchSource>
        </data>
        <owner class="org.jenkinsci.plugins.workflow.multibranch.WorkflowMultiBranchProject" reference="../.."/>
    </sources>
    <factory class="org.jenkinsci.plugins.workflow.multibranch.WorkflowBranchProjectFactory">
        <owner class="org.jenkinsci.plugins.workflow.multibranch.WorkflowMultiBranchProject" reference="../.."/>
        <scriptPath>Jenkinsfile</scriptPath>
    </factory>
</org.jenkinsci.plugins.workflow.multibranch.WorkflowMultiBranchProject>