{
    "dashboard": {
      "annotations": {
      "list": [
        {
          "builtIn": 1,
          "datasource": {
            "type": "grafana",
            "uid": "-- Grafana --"
          },
          "enable": true,
          "hide": true,
          "iconColor": "rgba(0, 211, 255, 1)",
          "name": "Annotations & Alerts",
          "type": "dashboard"
        }
      ]
    },
    "editable": true,
    "fiscalYearStartMonth": 0,
    "graphTooltip": 0,
    "id": null,
    "links": [],
    "liveNow": false,
    "panels": [
      {
        "datasource": {
          "type": "influxdb",
          "uid": "{{ influxdb_datasource_uid }}"
        },
        "description": "Durée de la dernière exécution avec succès du pipeline",
        "fieldConfig": {
          "defaults": {
            "color": {
              "mode": "thresholds"
            },
            "custom": {
              "neutral": 0
            },
            "decimals": 0,
            "mappings": [],
            "thresholds": {
              "mode": "absolute",
              "steps": [
                {
                  "color": "green",
                  "value": null
                },
                {
                  "color": "red",
                  "value": 80
                }
              ]
            },
            "unit": "m"
          },
          "overrides": []
        },
        "gridPos": {
          "h": 10,
          "w": 6,
          "x": 0,
          "y": 0
        },
        "id": 3,
        "options": {
          "orientation": "auto",
          "reduceOptions": {
            "calcs": [
              "lastNotNull"
            ],
            "fields": "",
            "values": false
          },
          "showThresholdLabels": true,
          "showThresholdMarkers": true,
          "text": {
            "titleSize": 1
          }
        },
        "pluginVersion": "10.0.1",
        "targets": [
          {
            "datasource": {
              "type": "influxdb",
              "uid": "{{ influxdb_datasource_uid }}"
            },
            "query": "from(bucket: \"jenkins\")\r\n  |> range(start: v.timeRangeStart, stop: v.timeRangeStop)\r\n  |> filter(fn: (r) => r[\"project_namespace\"] == \"{{ project_name }}\" and r[\"_field\"] == \"build_time\" and r[\"build_result\"] == \"SUCCESS\")\r\n  |> aggregateWindow(every: v.windowPeriod, fn: mean, createEmpty: false)\r\n  |> map(fn: (r) => ({r with _value: r._value / 60000.0}))\r\n  |> yield(name: \"mean\")",
            "refId": "A"
          }
        ],
        "title": "Last Build Time",
        "type": "gauge"
      },
      {
        "datasource": {
          "type": "influxdb",
          "uid": "{{ influxdb_datasource_uid }}"
        },
        "description": "Nombre d'échecs vs nombre d'exécutions réussies sur la période choisie",
        "fieldConfig": {
          "defaults": {
            "color": {
              "mode": "palette-classic"
            },
            "custom": {
              "hideFrom": {
                "legend": false,
                "tooltip": false,
                "viz": false
              }
            },
            "mappings": []
          },
          "overrides": [
            {
              "matcher": {
                "id": "byName",
                "options": "FAILURE"
              },
              "properties": [
                {
                  "id": "color",
                  "value": {
                    "fixedColor": "red",
                    "mode": "fixed"
                  }
                }
              ]
            },
            {
              "matcher": {
                "id": "byName",
                "options": "SUCCESS"
              },
              "properties": [
                {
                  "id": "color",
                  "value": {
                    "fixedColor": "green",
                    "mode": "fixed"
                  }
                }
              ]
            }
          ]
        },
        "gridPos": {
          "h": 10,
          "w": 6,
          "x": 6,
          "y": 0
        },
        "id": 4,
        "options": {
          "displayLabels": [
            "value"
          ],
          "legend": {
            "displayMode": "list",
            "placement": "bottom",
            "showLegend": true
          },
          "pieType": "pie",
          "reduceOptions": {
            "calcs": [
              "lastNotNull"
            ],
            "fields": "",
            "values": false
          },
          "tooltip": {
            "mode": "single",
            "sort": "none"
          }
        },
        "pluginVersion": "10.0.1",
        "targets": [
          {
            "datasource": {
              "type": "influxdb",
              "uid": "{{ influxdb_datasource_uid }}"
            },
            "query": "from(bucket: \"jenkins\")\r\n  |> range(start: v.timeRangeStart, stop: v.timeRangeStop)\r\n  |> filter(fn: (r) => r[\"project_namespace\"] == \"{{ project_name }}\" and  r[\"_field\"] == \"build_time\")\r\n  |> group(columns: [\"build_result\"])\r\n  |> aggregateWindow(every: 1d, fn: count, timeSrc: \"_start\")\r\n  |> yield()",
            "refId": "A"
          }
        ],
        "title": "Last Build Volume",
        "type": "piechart"
      },
      {
        "datasource": {
          "type": "influxdb",
          "uid": "{{ influxdb_datasource_uid }}"
        },
        "description": "Trend du nombre d'exécution réussie vs  le nombre d'exécution en échec par heure",
        "fieldConfig": {
          "defaults": {
            "color": {
              "mode": "palette-classic"
            },
            "custom": {
              "axisCenteredZero": false,
              "axisColorMode": "text",
              "axisLabel": "Volume",
              "axisPlacement": "auto",
              "barAlignment": 0,
              "drawStyle": "line",
              "fillOpacity": 0,
              "gradientMode": "none",
              "hideFrom": {
                "legend": false,
                "tooltip": false,
                "viz": false
              },
              "lineInterpolation": "linear",
              "lineWidth": 1,
              "pointSize": 5,
              "scaleDistribution": {
                "type": "linear"
              },
              "showPoints": "auto",
              "spanNulls": false,
              "stacking": {
                "group": "A",
                "mode": "none"
              },
              "thresholdsStyle": {
                "mode": "off"
              }
            },
            "mappings": [],
            "thresholds": {
              "mode": "absolute",
              "steps": [
                {
                  "color": "green",
                  "value": null
                },
                {
                  "color": "red",
                  "value": 80
                }
              ]
            },
            "unit": "none"
          },
          "overrides": [
            {
              "matcher": {
                "id": "byName",
                "options": "SUCCESS"
              },
              "properties": [
                {
                  "id": "color",
                  "value": {
                    "fixedColor": "semi-dark-green",
                    "mode": "fixed"
                  }
                }
              ]
            },
            {
              "matcher": {
                "id": "byName",
                "options": "FAILURE"
              },
              "properties": [
                {
                  "id": "color",
                  "value": {
                    "fixedColor": "semi-dark-red",
                    "mode": "fixed"
                  }
                }
              ]
            }
          ]
        },
        "gridPos": {
          "h": 10,
          "w": 12,
          "x": 12,
          "y": 0
        },
        "id": 2,
        "options": {
          "legend": {
            "calcs": [],
            "displayMode": "list",
            "placement": "bottom",
            "showLegend": true
          },
          "timezone": [
            "browser"
          ],
          "tooltip": {
            "mode": "single",
            "sort": "none"
          }
        },
        "pluginVersion": "10.0.1",
        "targets": [
          {
            "datasource": {
              "type": "influxdb",
              "uid": "{{ influxdb_datasource_uid }}"
            },
            "query": "from(bucket: \"jenkins\")\r\n  |> range(start: v.timeRangeStart, stop: v.timeRangeStop)\r\n  |> filter(fn: (r) => r[\"project_namespace\"] == \"{{ project_name }}\" and  r[\"_field\"] == \"build_time\")\r\n  |> group(columns: [\"build_result\"])\r\n  |> aggregateWindow(every: 1h, fn: count, timeSrc: \"_start\")\r\n  |> yield()",
            "refId": "A"
          }
        ],
        "title": "Change Volume Trend",
        "type": "timeseries"
      },
      {
        "datasource": {
          "type": "influxdb",
          "uid": "{{ influxdb_datasource_uid }}"
        },
        "description": "Evolution dans le temps de la durée d'exécution avec succès du pipeline. ",
        "fieldConfig": {
          "defaults": {
            "color": {
              "mode": "palette-classic"
            },
            "custom": {
              "axisCenteredZero": false,
              "axisColorMode": "text",
              "axisLabel": "Durée",
              "axisPlacement": "auto",
              "barAlignment": 0,
              "drawStyle": "line",
              "fillOpacity": 0,
              "gradientMode": "none",
              "hideFrom": {
                "legend": false,
                "tooltip": false,
                "viz": false
              },
              "lineInterpolation": "linear",
              "lineStyle": {
                "fill": "solid"
              },
              "lineWidth": 1,
              "pointSize": 5,
              "scaleDistribution": {
                "type": "linear"
              },
              "showPoints": "auto",
              "spanNulls": false,
              "stacking": {
                "group": "A",
                "mode": "none"
              },
              "thresholdsStyle": {
                "mode": "off"
              }
            },
            "mappings": [],
            "thresholds": {
              "mode": "absolute",
              "steps": [
                {
                  "color": "green",
                  "value": null
                },
                {
                  "color": "red",
                  "value": 80
                }
              ]
            },
            "unit": "m"
          },
          "overrides": [
            {
              "matcher": {
                "id": "byName",
                "options": "build_time {build_result=\"FAILURE\"}"
              },
              "properties": [
                {
                  "id": "color",
                  "value": {
                    "fixedColor": "dark-red",
                    "mode": "fixed"
                  }
                }
              ]
            },
            {
              "matcher": {
                "id": "byName",
                "options": "build_time {build_result=\"SUCCESS\"}"
              },
              "properties": [
                {
                  "id": "color",
                  "value": {
                    "fixedColor": "dark-green",
                    "mode": "fixed"
                  }
                }
              ]
            },
            {
              "__systemRef": "hideSeriesFrom",
              "matcher": {
                "id": "byNames",
                "options": {
                  "mode": "exclude",
                  "names": [
                    "build_time {build_result=\"SUCCESS\"}"
                  ],
                  "prefix": "All except:",
                  "readOnly": true
                }
              },
              "properties": [
                {
                  "id": "custom.hideFrom",
                  "value": {
                    "legend": false,
                    "tooltip": false,
                    "viz": true
                  }
                }
              ]
            }
          ]
        },
        "gridPos": {
          "h": 10,
          "w": 12,
          "x": 0,
          "y": 10
        },
        "id": 1,
        "options": {
          "legend": {
            "calcs": [],
            "displayMode": "list",
            "placement": "bottom",
            "showLegend": true
          },
          "tooltip": {
            "mode": "single",
            "sort": "none"
          }
        },
        "targets": [
          {
            "datasource": {
              "type": "influxdb",
              "uid": "{{ influxdb_datasource_uid }}"
            },
            "query": "from(bucket: \"jenkins\")\r\n  |> range(start: v.timeRangeStart, stop: v.timeRangeStop)\r\n  |> filter(fn: (r) => r[\"project_namespace\"] == \"{{ project_name }}\")\r\n  |> filter(fn: (r) => r[\"_field\"] == \"build_time\")\r\n  |> aggregateWindow(every: v.windowPeriod, fn: mean, createEmpty: false)\r\n  |> map(fn: (r) => ({r with _value: r._value / 60000.0}))\r\n  |> yield(name: \"mean\")",
            "refId": "A"
          }
        ],
        "title": "Build Time Trend",
        "type": "timeseries"
      },
      {
        "datasource": {
          "type": "influxdb",
          "uid": "{{ influxdb_datasource_uid }}"
        },
        "description": "Trend du taux d'exécution réussie par heure.",
        "fieldConfig": {
          "defaults": {
            "color": {
              "fixedColor": "blue",
              "mode": "fixed"
            },
            "custom": {
              "axisCenteredZero": false,
              "axisColorMode": "series",
              "axisLabel": "",
              "axisPlacement": "auto",
              "barAlignment": 0,
              "drawStyle": "line",
              "fillOpacity": 0,
              "gradientMode": "none",
              "hideFrom": {
                "legend": false,
                "tooltip": false,
                "viz": false
              },
              "lineInterpolation": "linear",
              "lineWidth": 1,
              "pointSize": 10,
              "scaleDistribution": {
                "type": "linear"
              },
              "showPoints": "auto",
              "spanNulls": false,
              "stacking": {
                "group": "A",
                "mode": "none"
              },
              "thresholdsStyle": {
                "mode": "off"
              }
            },
            "mappings": [],
            "thresholds": {
              "mode": "absolute",
              "steps": [
                {
                  "color": "green",
                  "value": null
                },
                {
                  "color": "red",
                  "value": 80
                }
              ]
            },
            "unit": "percent"
          },
          "overrides": [
            {
              "__systemRef": "hideSeriesFrom",
              "matcher": {
                "id": "byNames",
                "options": {
                  "mode": "exclude",
                  "names": [
                    "_value {_start=\"2023-07-18 05:02:38.668 +0000 UTC\", _stop=\"2023-07-18 11:02:38.668 +0000 UTC\"}"
                  ],
                  "prefix": "All except:",
                  "readOnly": true
                }
              },
              "properties": [
                {
                  "id": "custom.hideFrom",
                  "value": {
                    "legend": false,
                    "tooltip": false,
                    "viz": false
                  }
                }
              ]
            }
          ]
        },
        "gridPos": {
          "h": 10,
          "w": 12,
          "x": 12,
          "y": 10
        },
        "id": 5,
        "options": {
          "legend": {
            "calcs": [],
            "displayMode": "list",
            "placement": "bottom",
            "showLegend": false
          },
          "tooltip": {
            "mode": "single",
            "sort": "none"
          }
        },
        "targets": [
          {
            "datasource": {
              "type": "influxdb",
              "uid": "{{ influxdb_datasource_uid }}"
            },
            "query": "from(bucket: \"jenkins\")\r\n  |> range(start: v.timeRangeStart, stop: v.timeRangeStop)\r\n  |> filter(fn: (r) => r[\"project_namespace\"] == \"{{ project_name }}\" and  r[\"_field\"] == \"build_time\")\r\n  |> group(columns: [\"build_result\"])\r\n  |> aggregateWindow(every: 1h, fn: count, timeSrc: \"_start\")\r\n  |> pivot(rowKey:[\"_time\"], columnKey: [\"build_result\"], valueColumn: \"_value\")\r\n  |> map(fn: (r) => ({ r with _value: float(v: r.SUCCESS) * 100.0 / float(v: r.FAILURE + r.SUCCESS) }))\r\n  |> drop(columns: [\"FAILURE\"])\r\n  |> drop(columns: [\"SUCCESS\"])\r\n  |> yield()",
            "refId": "A"
          }
        ],
        "title": "Change Success Rate Trend",
        "type": "timeseries"
      }
    ],
    "refresh": "25s",
    "schemaVersion": 38,
    "style": "dark",
    "tags": [],
    "templating": {
      "list": []
    },
    "time": {
      "from": "now-6h",
      "to": "now"
    },
    "timepicker": {},
    "timezone": "",
    "title": "{{ project_name }}",
    "uid": null,
    "version": 0,
    "weekStart": ""
    },
    "folderId": 0,
    "message" : "New dashboard",
    "overwrite": true
  }